epoch,time,train/box_loss,train/cls_loss,train/dfl_loss,metrics/precision(B),metrics/recall(B),metrics/mAP50(B),metrics/mAP75(B),metrics/mAP50-95(B),val/box_loss,val/cls_loss,val/dfl_loss,lr/pg0,lr/pg1,lr/pg2
1,328.309,1.8738,2.58541,1.05692,0.37542,0.16261,0.12739,0.06561,0.06863,1.65396,1.49312,0.99514,0.00333127,0.00333127,0.00333127
2,621.97,1.79215,1.67036,1.03983,0.35147,0.20137,0.1715,0.08722,0.0923,1.65082,1.39552,0.99959,0.00659863,0.00659863,0.00659863
3,829.358,1.7929,1.58659,1.04253,0.26504,0.20641,0.17535,0.09125,0.09511,1.66717,1.3507,1.00641,0.00979998,0.00979998,0.00979998
4,1028.81,1.79109,1.56593,1.04535,0.31482,0.21134,0.18128,0.09751,0.10033,1.62974,1.34095,0.99661,0.009703,0.009703,0.009703
5,1235.92,1.75526,1.49918,1.03149,0.29844,0.23671,0.204,0.10978,0.11155,1.5883,1.28454,0.99082,0.009604,0.009604,0.009604
6,1457.54,1.71097,1.43801,1.02142,0.3397,0.24037,0.21201,0.1141,0.11807,1.55164,1.24177,0.97622,0.009505,0.009505,0.009505
7,1651.17,1.69255,1.40146,1.01728,0.3125,0.24559,0.21577,0.11927,0.12062,1.54748,1.23442,0.97734,0.009406,0.009406,0.009406
8,1851.71,1.67336,1.37099,1.01291,0.34659,0.24815,0.228,0.12501,0.12773,1.536,1.20787,0.97004,0.009307,0.009307,0.009307
9,2053.23,1.65318,1.33446,1.00573,0.32486,0.25653,0.23372,0.12545,0.12961,1.5307,1.19605,0.97352,0.009208,0.009208,0.009208
10,2249.49,1.64905,1.32173,1.00004,0.33722,0.26083,0.23998,0.13224,0.13386,1.52632,1.183,0.97165,0.009109,0.009109,0.009109
11,2449.73,1.63302,1.2997,0.99675,0.34719,0.26524,0.24124,0.12874,0.13458,1.50974,1.18398,0.96876,0.00901,0.00901,0.00901
12,2643.23,1.62262,1.29178,0.99563,0.36047,0.26049,0.24525,0.13184,0.13619,1.49366,1.15229,0.96114,0.008911,0.008911,0.008911
13,2843.51,1.60983,1.26774,0.9941,0.35258,0.26831,0.24926,0.13228,0.13848,1.49056,1.14707,0.95943,0.008812,0.008812,0.008812
14,3045.2,1.5933,1.24729,0.99164,0.37116,0.27742,0.25878,0.13974,0.14504,1.47999,1.12391,0.95995,0.008713,0.008713,0.008713
15,3244.55,1.59148,1.23361,0.98555,0.35899,0.27766,0.25966,0.14284,0.14598,1.47697,1.1204,0.96031,0.008614,0.008614,0.008614
16,3445.34,1.58186,1.23161,0.9828,0.35898,0.27588,0.25628,0.14118,0.14499,1.47333,1.13079,0.95666,0.008515,0.008515,0.008515
17,3647.31,1.5764,1.21881,0.98422,0.36317,0.28314,0.26408,0.14495,0.14875,1.46921,1.11356,0.95674,0.008416,0.008416,0.008416
18,3847.51,1.56593,1.20595,0.98155,0.37323,0.28435,0.26657,0.14509,0.14958,1.46181,1.11344,0.95486,0.008317,0.008317,0.008317
19,4041.08,1.55401,1.19261,0.97828,0.36421,0.28544,0.26983,0.14854,0.15304,1.45583,1.09949,0.95269,0.008218,0.008218,0.008218
20,4242.44,1.55678,1.18446,0.97755,0.39126,0.28091,0.273,0.15155,0.15514,1.44767,1.0973,0.94667,0.008119,0.008119,0.008119
21,4437.95,1.5538,1.1793,0.97589,0.36591,0.2849,0.27228,0.1477,0.1541,1.44201,1.09025,0.94818,0.00802,0.00802,0.00802
22,4631.34,1.5434,1.17092,0.97435,0.37553,0.28858,0.27501,0.15019,0.15589,1.43032,1.08047,0.94444,0.007921,0.007921,0.007921
23,4825.7,1.53645,1.16461,0.97386,0.3819,0.28886,0.27813,0.15186,0.15785,1.43561,1.08055,0.94874,0.007822,0.007822,0.007822
24,5024,1.53267,1.15394,0.97165,0.38672,0.28428,0.27673,0.15582,0.15815,1.43256,1.07771,0.94504,0.007723,0.007723,0.007723
25,5226.46,1.52368,1.14284,0.97116,0.38346,0.29687,0.28216,0.15474,0.1597,1.4321,1.07602,0.94268,0.007624,0.007624,0.007624
26,5421.84,1.52741,1.14544,0.9695,0.38747,0.28751,0.28199,0.15634,0.16036,1.42197,1.07001,0.94026,0.007525,0.007525,0.007525
27,5621.18,1.50712,1.13474,0.96758,0.38513,0.29694,0.28686,0.16247,0.16492,1.42304,1.05822,0.9408,0.007426,0.007426,0.007426
28,5822.69,1.51953,1.13324,0.9655,0.38527,0.29318,0.28364,0.1589,0.16232,1.42255,1.05926,0.94265,0.007327,0.007327,0.007327
29,6027.13,1.51594,1.12765,0.96359,0.39016,0.29375,0.28837,0.16137,0.16566,1.41068,1.06026,0.93683,0.007228,0.007228,0.007228
30,6227.2,1.51221,1.11901,0.96432,0.38978,0.30154,0.29149,0.16307,0.16684,1.40526,1.05526,0.93833,0.007129,0.007129,0.007129
31,6420.37,1.50328,1.11554,0.96217,0.38182,0.29831,0.28823,0.15785,0.16412,1.41018,1.05181,0.93754,0.00703,0.00703,0.00703
32,6614.7,1.49708,1.10591,0.96007,0.40067,0.30049,0.29485,0.16462,0.16842,1.40484,1.04588,0.93724,0.006931,0.006931,0.006931
33,6815.88,1.50395,1.11044,0.96071,0.39662,0.30448,0.29531,0.16414,0.16905,1.40133,1.03881,0.93573,0.006832,0.006832,0.006832
34,7012.19,1.4982,1.10185,0.95992,0.40175,0.30195,0.29493,0.16691,0.16889,1.39902,1.03921,0.93742,0.006733,0.006733,0.006733
35,7205.66,1.4945,1.0991,0.95739,0.39748,0.30002,0.29314,0.1645,0.16864,1.39222,1.03211,0.93552,0.006634,0.006634,0.006634
36,7409.78,1.48282,1.09573,0.95951,0.39981,0.30781,0.29882,0.17095,0.17269,1.3959,1.03661,0.93574,0.006535,0.006535,0.006535
37,7606.13,1.48126,1.08875,0.95732,0.40435,0.30235,0.30022,0.17071,0.1724,1.38922,1.02726,0.93389,0.006436,0.006436,0.006436
38,7806.33,1.47517,1.08246,0.95352,0.41146,0.30272,0.30159,0.1669,0.17267,1.39051,1.028,0.93206,0.006337,0.006337,0.006337
39,8002.06,1.47899,1.08244,0.9556,0.41014,0.30389,0.30365,0.17125,0.1749,1.39058,1.02402,0.93411,0.006238,0.006238,0.006238
40,8197.99,1.4686,1.072,0.95516,0.41656,0.30725,0.30619,0.17421,0.17698,1.37981,1.01252,0.93076,0.006139,0.006139,0.006139
41,8397.25,1.47571,1.0747,0.95395,0.40194,0.30439,0.30602,0.17187,0.17512,1.38412,1.01996,0.9302,0.00604,0.00604,0.00604
42,8601.19,1.46451,1.06579,0.95128,0.41183,0.30779,0.30613,0.17117,0.17558,1.38192,1.01533,0.93109,0.005941,0.005941,0.005941
43,8801.7,1.46803,1.06958,0.95146,0.41928,0.30803,0.30839,0.17365,0.17806,1.38,1.01587,0.93186,0.005842,0.005842,0.005842
44,8999.69,1.4568,1.05707,0.95038,0.42536,0.30671,0.3109,0.1745,0.17911,1.37629,1.01204,0.9294,0.005743,0.005743,0.005743
45,9196.04,1.45227,1.05127,0.94818,0.40838,0.31415,0.31307,0.17487,0.18072,1.37183,1.0084,0.9297,0.005644,0.005644,0.005644
46,9392.68,1.45845,1.04838,0.94969,0.42292,0.30842,0.30974,0.17467,0.17828,1.37234,1.00369,0.92936,0.005545,0.005545,0.005545
47,9593.36,1.46295,1.06002,0.94944,0.42946,0.30497,0.31189,0.1751,0.17834,1.37253,1.00727,0.92951,0.005446,0.005446,0.005446
48,9789.5,1.45185,1.04659,0.94706,0.42207,0.30642,0.3092,0.17625,0.17793,1.3718,1.00234,0.92859,0.005347,0.005347,0.005347
49,9993.36,1.44845,1.0416,0.94522,0.42788,0.31044,0.31246,0.17647,0.17916,1.36754,0.99867,0.927,0.005248,0.005248,0.005248
50,10189.8,1.44725,1.04224,0.94472,0.42036,0.31022,0.31337,0.17882,0.1806,1.36863,1.00162,0.92664,0.005149,0.005149,0.005149
51,10391.3,1.43772,1.03661,0.94624,0.42065,0.30625,0.31382,0.17692,0.1802,1.36366,0.99816,0.92695,0.00505,0.00505,0.00505
52,10584.1,1.44503,1.03265,0.94412,0.42491,0.31177,0.31821,0.17775,0.18217,1.36373,0.99283,0.92615,0.004951,0.004951,0.004951
53,10779.3,1.43694,1.02554,0.94274,0.42965,0.31471,0.31634,0.17907,0.18239,1.36086,0.99363,0.92653,0.004852,0.004852,0.004852
54,10976.7,1.43034,1.02307,0.94521,0.42989,0.31205,0.31957,0.18088,0.18414,1.36155,0.99062,0.92593,0.004753,0.004753,0.004753
55,11171,1.42749,1.02022,0.94165,0.43017,0.31244,0.31759,0.18181,0.18394,1.36221,0.99212,0.92558,0.004654,0.004654,0.004654
56,11367.4,1.42536,1.0147,0.9397,0.43512,0.31254,0.31938,0.1817,0.18447,1.35726,0.98665,0.92401,0.004555,0.004555,0.004555
57,11562.7,1.42091,1.01335,0.93963,0.43465,0.31612,0.31953,0.18226,0.18481,1.36069,0.98795,0.92482,0.004456,0.004456,0.004456
58,11764,1.41801,1.011,0.9387,0.42655,0.31855,0.32095,0.18206,0.18537,1.35576,0.98585,0.92465,0.004357,0.004357,0.004357
59,11960.4,1.42536,1.01395,0.93903,0.4331,0.31693,0.31958,0.18221,0.18464,1.35735,0.98625,0.92546,0.004258,0.004258,0.004258
60,12153,1.40951,1.00116,0.94022,0.43303,0.31557,0.32184,0.18162,0.18562,1.3538,0.98085,0.92443,0.004159,0.004159,0.004159
61,12351.5,1.42677,1.00712,0.93972,0.43547,0.31914,0.32094,0.18443,0.18572,1.35288,0.98227,0.92421,0.00406,0.00406,0.00406
62,12545.8,1.412,1.00147,0.93406,0.44164,0.31373,0.32218,0.18536,0.18709,1.35157,0.98029,0.92335,0.003961,0.003961,0.003961
63,12745,1.41558,0.99723,0.93878,0.4383,0.31782,0.32096,0.18321,0.18616,1.35283,0.98174,0.9233,0.003862,0.003862,0.003862
64,12944.7,1.40967,0.99306,0.93491,0.44207,0.31688,0.32145,0.18461,0.18651,1.35261,0.97942,0.92419,0.003763,0.003763,0.003763
65,13139.4,1.40215,0.99034,0.93558,0.43809,0.32236,0.32512,0.18301,0.18796,1.34843,0.97219,0.92209,0.003664,0.003664,0.003664
66,13331.9,1.40445,0.989,0.93711,0.44018,0.32274,0.32399,0.18482,0.18773,1.34812,0.97534,0.92218,0.003565,0.003565,0.003565
67,13533,1.40538,0.98684,0.93476,0.43299,0.32169,0.32157,0.18605,0.18614,1.34649,0.97593,0.92183,0.003466,0.003466,0.003466
68,13732,1.39613,0.97977,0.93374,0.43842,0.32495,0.32492,0.18776,0.18939,1.34512,0.97297,0.92201,0.003367,0.003367,0.003367
69,13928.7,1.39399,0.97526,0.93346,0.43576,0.32125,0.32425,0.18621,0.1884,1.34382,0.97136,0.922,0.003268,0.003268,0.003268
70,14126.1,1.39555,0.98161,0.93492,0.43784,0.32064,0.32629,0.18829,0.19,1.3451,0.97199,0.92177,0.003169,0.003169,0.003169
71,14324.2,1.39913,0.97866,0.93387,0.44823,0.31822,0.32719,0.18563,0.18959,1.34302,0.97002,0.92188,0.00307,0.00307,0.00307
72,14516.9,1.38841,0.971,0.93116,0.43611,0.3276,0.32775,0.18803,0.19001,1.33963,0.96705,0.92074,0.002971,0.002971,0.002971
73,14715.8,1.39241,0.96971,0.93191,0.4375,0.32453,0.32806,0.18653,0.18942,1.34219,0.96876,0.92072,0.002872,0.002872,0.002872
74,14909,1.3802,0.96246,0.93056,0.44806,0.3234,0.3281,0.18896,0.19072,1.34176,0.96538,0.92152,0.002773,0.002773,0.002773
75,15111.1,1.38773,0.9648,0.92972,0.43333,0.32782,0.32819,0.18646,0.18909,1.34205,0.96642,0.92081,0.002674,0.002674,0.002674
76,15304.6,1.38581,0.95922,0.93205,0.43489,0.32909,0.32893,0.18756,0.19083,1.34143,0.96629,0.92001,0.002575,0.002575,0.002575
77,15509.7,1.38148,0.9613,0.92917,0.44149,0.32312,0.32836,0.18947,0.19026,1.34448,0.96816,0.92084,0.002476,0.002476,0.002476
78,15703.2,1.36986,0.94797,0.92593,0.43412,0.32639,0.32872,0.18939,0.19014,1.34174,0.96825,0.92054,0.002377,0.002377,0.002377
79,15898.3,1.38033,0.95595,0.92866,0.44014,0.32607,0.32898,0.18842,0.19033,1.33752,0.96385,0.91896,0.002278,0.002278,0.002278
80,16099.7,1.37578,0.95155,0.92809,0.43898,0.32915,0.32999,0.18812,0.19051,1.33786,0.96401,0.91951,0.002179,0.002179,0.002179
81,16293,1.36931,0.9444,0.92655,0.45117,0.32111,0.33005,0.18761,0.19079,1.338,0.96153,0.91938,0.00208,0.00208,0.00208
82,16494.7,1.37532,0.94919,0.92675,0.44921,0.32316,0.3306,0.18901,0.19141,1.33739,0.96139,0.91956,0.001981,0.001981,0.001981
83,16690,1.36528,0.93801,0.92687,0.44488,0.32314,0.33065,0.18884,0.19136,1.33664,0.96253,0.91949,0.001882,0.001882,0.001882
84,16884.8,1.36091,0.93235,0.92592,0.44061,0.32779,0.33179,0.19217,0.19265,1.33591,0.96153,0.91966,0.001783,0.001783,0.001783
85,17082.4,1.37084,0.93971,0.92358,0.4337,0.33223,0.33205,0.19203,0.19264,1.33619,0.96217,0.91986,0.001684,0.001684,0.001684
86,17274.4,1.35701,0.9364,0.92389,0.43674,0.3286,0.33084,0.19163,0.19188,1.3368,0.96171,0.92004,0.001585,0.001585,0.001585
87,17469.5,1.35736,0.93003,0.92259,0.43894,0.32596,0.3302,0.19034,0.19163,1.3361,0.9606,0.91954,0.001486,0.001486,0.001486
88,17670.9,1.36107,0.92895,0.92167,0.43003,0.3305,0.33082,0.1918,0.19236,1.33561,0.96031,0.91895,0.001387,0.001387,0.001387
89,17863.6,1.35528,0.92398,0.92133,0.42841,0.33228,0.33219,0.19214,0.1926,1.33668,0.96098,0.91916,0.001288,0.001288,0.001288
90,18056.5,1.35462,0.92462,0.92305,0.42411,0.33678,0.3321,0.19301,0.19331,1.33542,0.96028,0.91908,0.001189,0.001189,0.001189
91,18256.1,1.32989,0.90298,0.92087,0.44527,0.32547,0.3312,0.19185,0.19244,1.34024,0.96112,0.92026,0.00109,0.00109,0.00109
92,18447.5,1.31912,0.88831,0.91615,0.44648,0.32218,0.3304,0.19153,0.19155,1.34337,0.9615,0.92092,0.000991,0.000991,0.000991
93,18645,1.31783,0.88371,0.91587,0.44847,0.32018,0.33062,0.19162,0.19207,1.34363,0.9616,0.92098,0.000892,0.000892,0.000892
94,18832.5,1.30995,0.87453,0.91403,0.44473,0.32421,0.33082,0.1917,0.19206,1.34368,0.96138,0.92098,0.000793,0.000793,0.000793
95,19026.6,1.30696,0.87355,0.91612,0.45049,0.32057,0.33019,0.19222,0.19221,1.34476,0.96214,0.92124,0.000694,0.000694,0.000694
96,19222.2,1.30114,0.8683,0.91443,0.4507,0.32074,0.33022,0.19172,0.19164,1.34477,0.96206,0.92093,0.000595,0.000595,0.000595
97,19415.3,1.2966,0.86095,0.91251,0.45177,0.32115,0.33072,0.19249,0.19204,1.34436,0.96239,0.92071,0.000496,0.000496,0.000496
98,19612.1,1.29789,0.86135,0.91168,0.45188,0.32157,0.33067,0.19214,0.19184,1.345,0.96287,0.92072,0.000397,0.000397,0.000397
99,19807.6,1.29353,0.85635,0.91173,0.4558,0.32091,0.33095,0.19316,0.19221,1.34498,0.96324,0.92088,0.000298,0.000298,0.000298
100,19999.4,1.3015,0.8626,0.91107,0.45006,0.3227,0.33101,0.19263,0.19209,1.34533,0.96286,0.92096,0.000199,0.000199,0.000199
