lambda,f1,latency_ms,fps,N,S,L,X
0.0,0.6362456482024649,58.08723857481098,17.215485268973367,19,13,244,272
0.1,0.6355956332003967,57.912790158753445,17.26734279696678,22,12,256,258
0.2,0.6354341285516211,57.79115136313465,17.303687094178684,23,12,275,238
0.3,0.6345713885622772,57.53555941240529,17.380555785200016,25,8,296,219
0.4,0.6352718326406683,57.38051359306514,17.427519159062694,28,4,312,204
0.5,0.6329213050369252,57.108826441609935,17.510428112586677,31,4,340,173
0.6,0.6315591412348487,56.746824014600406,17.622131588240247,37,0,367,144
0.7,0.6303817071373405,56.0147688613124,17.8524346405126,46,0,395,107
0.8,0.628523388649339,55.23910890693568,18.10311606736369,54,0,425,69
0.9,0.6268074135104451,54.79955901277636,18.248322030599788,62,0,454,32
1.0,0.6221726444342391,53.483923313875614,18.697207273509136,82,0,461,5
