image,gt_instances,router_model,oracle_model,adaptive_f1,oracle_f1,f1_regret,oracle_margin
0000313_07001_d_0000471.jpg,5,YOLOv13-N,YOLOv13-X,0.3333333333333333,1.0,0.6666666666666667,0.3333333333333335
0000024_00500_d_0000013.jpg,10,YOLOv13-L,YOLOv13-X,0.3,0.6666666666666665,0.36666666666666653,0.24561403508771912
0000276_05801_d_0000536.jpg,7,YOLOv13-N,YOLOv13-L,0.25,0.6153846153846153,0.3653846153846153,0.17094017094017083
0000103_03349_d_0000031.jpg,4,YOLOv13-S,YOLOv13-X,0.5454545454545454,0.888888888888889,0.34343434343434354,0.0888888888888889
0000103_04122_d_0000033.jpg,4,YOLOv13-N,YOLOv13-L,0.5,0.8,0.30000000000000004,0.0
0000021_00800_d_0000003.jpg,7,YOLOv13-L,YOLOv13-X,0.5,0.7999999999999999,0.29999999999999993,0.29999999999999993
0000242_00843_d_0000004.jpg,2,YOLOv13-N,YOLOv13-X,0.8,1.0,0.19999999999999996,0.19999999999999996
0000276_01001_d_0000512.jpg,42,YOLOv13-L,YOLOv13-X,0.40625,0.588235294117647,0.18198529411764697,0.14755732801595206
0000242_06452_d_0000018.jpg,12,YOLOv13-L,YOLOv13-X,0.5454545454545454,0.7272727272727272,0.18181818181818177,0.09090909090909072
0000242_04116_d_0000013.jpg,8,YOLOv13-L,YOLOv13-X,0.5333333333333333,0.7142857142857143,0.18095238095238098,0.18095238095238098
0000026_02500_d_0000029.jpg,17,YOLOv13-L,YOLOv13-X,0.6666666666666667,0.8387096774193549,0.17204301075268813,0.17204301075268813
0000273_05601_d_0000466.jpg,32,YOLOv13-L,YOLOv13-X,0.5517241379310345,0.7096774193548386,0.15795328142380416,0.15795328142380416
0000069_00001_d_0000001.jpg,34,YOLOv13-L,YOLOv13-X,0.676056338028169,0.8307692307692308,0.1547128927410618,0.1547128927410618
0000242_00963_d_0000005.jpg,13,YOLOv13-S,YOLOv13-L,0.4166666666666666,0.5599999999999999,0.14333333333333337,0.014545454545454417
0000276_05001_d_0000532.jpg,7,YOLOv13-L,YOLOv13-X,0.8571428571428571,1.0,0.1428571428571429,0.1428571428571429
0000024_01543_d_0000015.jpg,8,YOLOv13-S,YOLOv13-X,0.7142857142857143,0.8571428571428571,0.1428571428571428,0.05714285714285716
0000360_07057_d_0000749.jpg,15,YOLOv13-X,YOLOv13-L,0.6470588235294117,0.7878787878787877,0.14081996434937605,0.14081996434937605
0000335_06665_d_0000077.jpg,21,YOLOv13-L,YOLOv13-X,0.8372093023255814,0.975609756097561,0.13840045377197951,0.07084785133565619
0000199_01269_d_0000166.jpg,16,YOLOv13-L,YOLOv13-S,0.6206896551724138,0.7586206896551724,0.13793103448275856,0.07112068965517238
0000022_01251_d_0000007.jpg,12,YOLOv13-L,YOLOv13-S,0.4848484848484849,0.6206896551724139,0.135841170323929,0.0873563218390806
0000364_01373_d_0000780.jpg,64,YOLOv13-L,YOLOv13-X,0.423728813559322,0.5528455284552846,0.12911671489596255,0.08988256549232165
0000024_01000_d_0000014.jpg,12,YOLOv13-L,YOLOv13-S,0.3157894736842105,0.4444444444444444,0.1286549707602339,0.09150326797385622
0000194_01192_d_0000125.jpg,23,YOLOv13-L,YOLOv13-X,0.5660377358490566,0.693877551020408,0.12783981517135146,0.12783981517135146
0000348_03333_d_0000423.jpg,15,YOLOv13-S,YOLOv13-X,0.7142857142857142,0.8387096774193549,0.12442396313364068,0.02620967741935487
0000276_06001_d_0000537.jpg,14,YOLOv13-S,YOLOv13-L,0.4545454545454545,0.5714285714285714,0.11688311688311692,0.0
0000237_00001_d_0000001.jpg,15,YOLOv13-L,YOLOv13-X,0.4347826086956521,0.5454545454545455,0.11067193675889342,0.06926406926406942
0000335_05097_d_0000069.jpg,20,YOLOv13-L,YOLOv13-S,0.7027027027027027,0.8108108108108107,0.108108108108108,0.08858858858858842
0000276_05201_d_0000533.jpg,6,YOLOv13-N,YOLOv13-X,0.7272727272727272,0.8333333333333334,0.10606060606060619,0.10606060606060619
0000242_06010_d_0000017.jpg,41,YOLOv13-N,YOLOv13-X,0.25,0.3529411764705882,0.1029411764705882,0.03921568627450972
0000023_00868_d_0000010.jpg,20,YOLOv13-L,YOLOv13-X,0.55,0.65,0.09999999999999998,0.09999999999999998
